ID,Annotation,Organism,Sequence
A0A194YQQ1,Histone H3,Sorghum bicolor,MAGGSTSVMLMQTARKSTGGKAPRKQLATKAARKSAPTTGGVKKPHRYRPGTVALREIRKYQKSTELLIRKLPFQRLVREIAQDFKTDLRFQSHAVLALQEAAEAYLVGLFEDTNLCAIHAKRVTIMPKDIQLARRIRGERA
C5WXQ0,Histone H3,Sorghum bicolor,MARTKQTARKSTGGKAPRKQLATKAARKSAPTTGGVKKPHRYRPGTVALREIRKYQKSTELLIRKLPFQRLVREIAQDFKTDLRFQSHAVLALQEAAEAYLVGLFEDTNLCAIHAKRVTIMPKDIQLARRIRGERA
A0A1B6QLV9,Histone H3,Sorghum bicolor,MARTKSTARNSTGGKAPRKQLVKKIFIAARKRVPATGGVKKPRRYRPGTVALREIRKYQKGTELLIRKMPFQRLVREISQLHKSDLRFQSHAILALQEAAEAYLVALFEDTNLCAIHAKRVTIMPKDVHLATRIRGERH
A0A921QJ57,Histone H3,Sorghum bicolor,MARTKQTARKSTGGKAPRKQLATKAARKSAPATGGVKKPHRYRPGTVALREIRRYQKSTELLIRKLPFQRLVREIAQDFKTDLRFQSSAVMALQEASEAYLVGLFEDTNLCAIHAKRVTIMPKDIQLARRIRGERA
A0A921UJ89,Histone H3,Sorghum bicolor,MAGGSTSVMLMQTARKSTGGKAPRKQLATKAARKSAPTTGGVKKPHRYRPGTVALREIRKYQKSTELLIRKLPFQRLVREIAQDFKTDLRFQSHAVLALQEAAEAYLVGLFEDTNLCAIHAKRVTIMPKDIQLARRIRGERA
A0A921UZH7,Histone H3,Sorghum bicolor,MARTKSTARNSTGGKAPRKQLVKKIFIAARKRVPATGGVKKPRRYRPGTVALREIRKYQKGTELLIRKMPFQRLVREISQLHKSDLRFQSHAILALQEAAEAYLVALFEDTNLCAIHAKRVTIMPKDVHLATRIRGERH
A0A921QRZ7,Histone H3,Sorghum bicolor,MARTKQTARKSTGGKAPRKQLATKAARKSAPTTGGVKKPHRYRPGTVALREIRKYQKSTELLIRKLPFQRLVREIAQDFKTDLRFQSHAVLALQEAAEAYLVGLFEDTNLCAIHAKRVTIMPKDIQLARRIRGERA
C5XPA5,Histone H3,Sorghum bicolor,MARTKQTARKSTGGKAPRKQLATKAARKSAPATGGVKKPHRFRPGTVALREIRKYQKSTELLIRKLPFQRLVREIAQDFKTDLRFQSSAVAALQEAAEAYLVGLFEDTNLCAIHAKRVTIMPKDIQLARRIRGERA
A0A921QPS2,Histone H3,Sorghum bicolor,MARTKQTARKSTGGKAPRKQLATKAARKSAPATGGVKKPHRFRPGTVALREIRKYQKSTELLIRKLPFQRLVREIAQDFKTDLRFQSSAVAALQEAAEAYLVGLFEDTNLCAIHAKRVTIMPKDIQLARRIRGERA
